{
  "Business-2" : {
    "transaction" : "Business-2",
    "sampleCount" : 97,
    "errorCount" : 0,
    "errorPct" : 0.0,
    "meanResTime" : 4610.319587628866,
    "medianResTime" : 3666.0,
    "minResTime" : 430.0,
    "maxResTime" : 15330.0,
    "pct1ResTime" : 10035.800000000001,
    "pct2ResTime" : 12254.799999999997,
    "pct3ResTime" : 15330.0,
    "throughput" : 1.3909203017006508,
    "receivedKBytesPerSec" : 1988.2149723563552,
    "sentKBytesPerSec" : 0.17522335831971092
  },
  "Business-1" : {
    "transaction" : "Business-1",
    "sampleCount" : 97,
    "errorCount" : 0,
    "errorPct" : 0.0,
    "meanResTime" : 153.9072164948454,
    "medianResTime" : 71.0,
    "minResTime" : 15.0,
    "maxResTime" : 1386.0,
    "pct1ResTime" : 367.6,
    "pct2ResTime" : 1086.1999999999998,
    "pct3ResTime" : 1386.0,
    "throughput" : 1.3779974997158766,
    "receivedKBytesPerSec" : 0.9689461115964882,
    "sentKBytesPerSec" : 0.17494108883111717
  },
  "Homepage" : {
    "transaction" : "Homepage",
    "sampleCount" : 100,
    "errorCount" : 0,
    "errorPct" : 0.0,
    "meanResTime" : 1142.23,
    "medianResTime" : 1025.5,
    "minResTime" : 126.0,
    "maxResTime" : 7760.0,
    "pct1ResTime" : 1985.000000000001,
    "pct2ResTime" : 2328.9499999999975,
    "pct3ResTime" : 7706.909999999973,
    "throughput" : 1.3434540202861558,
    "receivedKBytesPerSec" : 370.84623434036405,
    "sentKBytesPerSec" : 0.3962139786390811
  },
  "Business-0" : {
    "transaction" : "Business-0",
    "sampleCount" : 97,
    "errorCount" : 0,
    "errorPct" : 0.0,
    "meanResTime" : 131.32989690721647,
    "medianResTime" : 68.0,
    "minResTime" : 14.0,
    "maxResTime" : 2072.0,
    "pct1ResTime" : 258.6000000000001,
    "pct2ResTime" : 401.19999999999953,
    "pct3ResTime" : 2072.0,
    "throughput" : 1.3767457704099013,
    "receivedKBytesPerSec" : 0.7760273255648915,
    "sentKBytesPerSec" : 0.1747821778840695
  },
  "Total" : {
    "transaction" : "Total",
    "sampleCount" : 1088,
    "errorCount" : 0,
    "errorPct" : 0.0,
    "meanResTime" : 1268.317095588234,
    "medianResTime" : 497.0,
    "minResTime" : 14.0,
    "maxResTime" : 15462.0,
    "pct1ResTime" : 3629.000000000001,
    "pct2ResTime" : 5381.699999999999,
    "pct3ResTime" : 12049.929999999984,
    "throughput" : 14.587774693965113,
    "receivedKBytesPerSec" : 5075.431194315393,
    "sentKBytesPerSec" : 2.8055205693656733
  },
  "Resource" : {
    "transaction" : "Resource",
    "sampleCount" : 100,
    "errorCount" : 0,
    "errorPct" : 0.0,
    "meanResTime" : 1009.0399999999993,
    "medianResTime" : 928.0,
    "minResTime" : 146.0,
    "maxResTime" : 2453.0,
    "pct1ResTime" : 1901.5000000000002,
    "pct2ResTime" : 2195.349999999998,
    "pct3ResTime" : 2451.019999999999,
    "throughput" : 1.3806243183167428,
    "receivedKBytesPerSec" : 316.01780110122047,
    "sentKBytesPerSec" : 0.5285202468556282
  },
  "Homepage-1" : {
    "transaction" : "Homepage-1",
    "sampleCount" : 100,
    "errorCount" : 0,
    "errorPct" : 0.0,
    "meanResTime" : 968.0299999999999,
    "medianResTime" : 883.5,
    "minResTime" : 108.0,
    "maxResTime" : 2168.0,
    "pct1ResTime" : 1692.1000000000004,
    "pct2ResTime" : 1984.999999999999,
    "pct3ResTime" : 2167.96,
    "throughput" : 1.3507672357899287,
    "receivedKBytesPerSec" : 372.11546558836045,
    "sentKBytesPerSec" : 0.1596121440728334
  },
  "Resource-0" : {
    "transaction" : "Resource-0",
    "sampleCount" : 100,
    "errorCount" : 0,
    "errorPct" : 0.0,
    "meanResTime" : 81.61999999999999,
    "medianResTime" : 62.0,
    "minResTime" : 14.0,
    "maxResTime" : 732.0,
    "pct1ResTime" : 89.0,
    "pct2ResTime" : 388.19999999999663,
    "pct3ResTime" : 730.8999999999994,
    "throughput" : 1.3831449950898351,
    "receivedKBytesPerSec" : 0.7809906603134206,
    "sentKBytesPerSec" : 0.17694530698903163
  },
  "Homepage-0" : {
    "transaction" : "Homepage-0",
    "sampleCount" : 100,
    "errorCount" : 0,
    "errorPct" : 0.0,
    "meanResTime" : 173.62,
    "medianResTime" : 71.0,
    "minResTime" : 14.0,
    "maxResTime" : 7190.0,
    "pct1ResTime" : 329.60000000000025,
    "pct2ResTime" : 399.79999999999995,
    "pct3ResTime" : 7122.589999999966,
    "throughput" : 1.3454061108345554,
    "receivedKBytesPerSec" : 0.7465295880030137,
    "sentKBytesPerSec" : 0.23781104107524856
  },
  "Resource-1" : {
    "transaction" : "Resource-1",
    "sampleCount" : 100,
    "errorCount" : 0,
    "errorPct" : 0.0,
    "meanResTime" : 102.48999999999998,
    "medianResTime" : 70.0,
    "minResTime" : 16.0,
    "maxResTime" : 1016.0,
    "pct1ResTime" : 135.80000000000018,
    "pct2ResTime" : 372.84999999999997,
    "pct3ResTime" : 1013.899999999999,
    "throughput" : 1.3842363168240084,
    "receivedKBytesPerSec" : 0.606563161837989,
    "sentKBytesPerSec" : 0.17708491943744634
  },
  "Resource-2" : {
    "transaction" : "Resource-2",
    "sampleCount" : 100,
    "errorCount" : 0,
    "errorPct" : 0.0,
    "meanResTime" : 824.3500000000001,
    "medianResTime" : 735.0,
    "minResTime" : 112.0,
    "maxResTime" : 2078.0,
    "pct1ResTime" : 1581.6000000000004,
    "pct2ResTime" : 2041.6999999999985,
    "pct3ResTime" : 2077.96,
    "throughput" : 1.3879250520471893,
    "receivedKBytesPerSec" : 316.29703222588483,
    "sentKBytesPerSec" : 0.17620142262317837
  },
  "Business" : {
    "transaction" : "Business",
    "sampleCount" : 97,
    "errorCount" : 0,
    "errorPct" : 0.0,
    "meanResTime" : 4896.1030927835045,
    "medianResTime" : 3905.0,
    "minResTime" : 463.0,
    "maxResTime" : 15462.0,
    "pct1ResTime" : 10842.800000000001,
    "pct2ResTime" : 12987.699999999995,
    "pct3ResTime" : 15462.0,
    "throughput" : 1.368046936703148,
    "receivedKBytesPerSec" : 1957.2523070366271,
    "sentKBytesPerSec" : 0.5196975179468013
  }
}